{
  "tweets": [
    {
      "id": 1,
      "text": "Primo tweet 22",
      "date": "2023-08-04 10:00:00"
    },
    {
      "id": 2,
      "text": "Secondo tweet ",
      "date": "2023-08-04 11:00:00"
    },
    {
      "text": "ciao",
      "date": "4/8/2023, 10:30:18",
      "id": 3
    },
    {
      "text": "ciao",
      "date": "4/8/2023, 10:30:48",
      "id": 4
    },
    {
      "text": "ciao",
      "date": "4/8/2023, 10:31:01",
      "id": 5
    },
    {
      "text": "ciao",
      "date": "4/8/2023, 10:31:22",
      "id": 6
    },
    {
      "text": "giuliano",
      "date": "4/8/2023, 10:31:36",
      "id": 7
    }
  ]
}